City_ID,City,Lat,Lng,Max Temp,Humidity,Cloudiness,Wind Speed,Country,Date
0,santa ana de yacuma,-13.75,-65.4333,80.55,83,75,11.5,BO,1733585552
1,edinburgh of the seven seas,-37.0676,-12.3116,60.37,89,84,18.7,SH,1733585553
2,imbituba,-28.24,-48.6703,66.99,94,100,10.87,BR,1733585554
3,peace river,56.2501,-117.286,30.65,98,100,11.5,CA,1733585555
4,port-aux-francais,-49.35,70.2167,41.5,77,87,16.58,TF,1733585556
5,badger,64.8,-147.5333,14.36,88,75,3.44,US,1733585557
6,papatowai,-46.5619,169.4708,54.16,95,100,7.18,NZ,1733585560
7,bethel,41.3712,-73.414,35.69,58,100,11.5,US,1733585531
8,anjozorobe,-18.4,47.8667,70.3,63,4,8.93,MG,1733585562
9,hermanus,-34.4187,19.2345,72.81,67,6,8.08,ZA,1733585563
10,waitangi,-43.9535,-176.5597,49.82,93,3,10.22,NZ,1733585564
11,mahibadhoo,3.7833,72.9667,82.83,66,2,3.11,MV,1733585565
12,iskateley,67.6803,53.1512,12.49,95,81,9.98,RU,1733585566
13,kidal,18.4411,1.4078,76.55,9,2,16.06,ML,1733585568
14,whitehorse,60.7161,-135.0538,12.97,85,0,5.75,CA,1733585569
15,thompson,55.7435,-97.8558,5.16,85,100,4.61,CA,1733585337
16,tiksi,71.6872,128.8694,-6.05,98,99,6.62,RU,1733585571
17,opuwo,-18.0607,13.84,96.48,10,93,11.86,NA,1733585572
18,keflavik,64.0049,-22.5624,28.83,69,75,3.44,IS,1733585573
19,jember,-8.166,113.7032,75.15,95,100,2.19,ID,1733585574
20,tolanaro,-25.0319,46.9987,86.07,54,0,13.8,MG,1733585575
21,fenoarivo be,-18.4333,46.5667,78.17,56,47,2.98,MG,1733585576
22,blackmans bay,-43.0167,147.3167,53.73,79,49,1.01,AU,1733585578
23,kununurra,-15.7667,128.7333,80.58,94,100,5.75,AU,1733585579
24,isafjordur,66.0755,-23.124,21.24,68,0,0.0,IS,1733585580
25,port alfred,-33.5906,26.891,74.17,78,31,8.99,ZA,1733585581
26,ushuaia,-54.8,-68.3,46.06,66,75,4.61,AR,1733585573
27,ribeira grande,38.5167,-28.7,68.77,88,20,9.22,PT,1733585583
28,terrasson-lavilledieu,45.1301,1.3014,45.1,80,100,13.69,FR,1733585584
29,yavuzeli,37.3177,37.5682,50.04,63,100,5.03,TR,1733585585
30,bridlington,54.0831,-0.1919,48.02,65,81,11.01,GB,1733585586
31,lobito,-12.3481,13.5456,80.58,80,51,5.61,AO,1733585588
32,bodo,67.28,14.405,42.84,61,75,11.5,NO,1733585327
33,leczna,51.3012,22.8814,35.91,93,100,6.91,PL,1733585590
34,avarua,-21.2078,-159.775,77.05,100,75,13.8,CK,1733585591
35,new norfolk,-42.7826,147.0587,52.72,77,75,11.77,AU,1733585592
36,blythe,33.6103,-114.5964,45.05,31,0,3.44,US,1733585593
37,stanley,54.868,-1.6985,41.05,94,75,32.21,GB,1733585594
38,muromtsevo,56.3724,75.2418,-0.83,99,83,4.81,RU,1733585596
39,nova sintra,14.8667,-24.7167,78.49,69,77,15.68,CV,1733585597
40,krasnovishersk,60.4078,57.082,13.21,97,100,3.24,RU,1733585599
41,suntar,62.1444,117.6319,1.04,90,36,8.52,RU,1733585600
42,gadzhiyevo,69.2551,33.3362,27.54,86,77,21.32,RU,1733585601
43,port elizabeth,-33.918,25.5701,74.32,77,20,14.97,ZA,1733585602
44,margaret river,-33.95,115.0667,56.21,77,0,12.97,AU,1733585603
45,choyr,46.3611,108.3611,7.72,92,6,1.3,MN,1733585605
46,bredasdorp,-34.5322,20.0403,71.01,53,43,10.04,ZA,1733585607
47,navarre,30.4016,-86.8636,48.22,40,0,10.36,US,1733585534
48,san patricio,28.017,-97.5169,49.95,71,100,14.97,US,1733585609
49,chibougamau,49.9168,-74.3659,4.62,85,100,11.5,CA,1733585610
50,yellowknife,62.456,-114.3525,14.56,97,100,8.05,CA,1733585611
51,olonkinbyen,70.9221,-8.7187,22.41,76,99,29.08,SJ,1733585613
52,albany,42.6001,-73.9662,31.41,68,65,1.01,US,1733585578
53,callao,-12.0667,-77.15,68.29,77,40,8.05,PE,1733585615
54,adamstown,-25.066,-130.1015,72.64,79,55,19.48,PN,1733585616
55,kruisfontein,-34.0033,24.7314,70.03,63,9,10.92,ZA,1733585617
56,saipan,15.1355,145.701,83.1,75,40,14.97,MP,1733585523
57,canovanas,18.3777,-65.9063,87.24,71,40,11.5,PR,1733585619
58,kargasok,59.0556,80.8572,6.04,95,93,6.96,RU,1733585620
59,dawson creek,55.7666,-120.2362,40.64,65,20,4.61,CA,1733585621
60,crane,31.3974,-102.3501,45.63,80,100,7.94,US,1733585623
61,bamboo flat,11.7,92.7167,82.49,69,75,8.05,IN,1733585624
62,ouesso,1.6136,16.0517,87.55,48,86,2.48,CG,1733585625
63,atafu village,-8.5421,-172.5159,81.86,79,38,12.8,TK,1733585626
64,sitka,57.0531,-135.33,42.69,81,100,3.44,US,1733585627
65,taroa,8.7058,171.2275,82.31,80,84,22.57,MH,1733585628
66,neftcala,39.3742,49.2472,54.61,71,96,9.22,AZ,1733585629
67,iqaluit,63.7506,-68.5145,11.93,72,100,11.5,CA,1733585412
68,west island,-12.1568,96.8225,80.58,74,75,14.97,CC,1733585631
69,cabo san lucas,22.8909,-109.9124,70.11,49,75,4.61,MX,1733585633
70,qaqortoq,60.7167,-46.0333,30.56,92,100,13.85,GL,1733585634
71,kandiari,26.9156,68.5216,68.83,17,0,4.59,PK,1733585635
72,natal,-5.795,-35.2094,86.65,62,75,16.11,BR,1733585448
73,fale old settlement,-9.3852,-171.2468,82.98,78,67,15.88,TK,1733585637
74,lisala,2.15,21.5167,81.75,56,79,1.52,CD,1733585638
75,nsanje,-16.92,35.262,94.68,35,100,8.9,MW,1733585639
76,axim,4.8699,-2.2405,83.61,66,85,8.16,GH,1733585640
77,olinda,-8.0089,-34.8553,83.93,70,75,12.66,BR,1733585642
78,machico,32.7,-16.7667,72.72,82,40,12.66,PT,1733585643
79,morondava,-20.2833,44.2833,82.92,74,98,14.38,MG,1733585644
80,port lincoln,-34.7333,135.8667,58.01,76,0,8.88,AU,1733585645
81,carutapera,-1.195,-46.02,81.75,72,100,6.55,BR,1733585646
82,georgetown,5.4112,100.3354,85.95,78,20,3.44,MY,1733585410
83,invercargill,-46.4,168.35,56.01,87,100,4.81,NZ,1733585648
84,klyuchi,52.2667,79.1667,17.19,96,100,6.08,RU,1733585649
85,lebu,-37.6167,-73.65,59.27,59,1,17.78,CL,1733585464
86,luderitz,-26.6481,15.1594,74.93,58,20,27.74,NA,1733585652
87,nizhnesortymskiy,62.4397,71.7603,-6.81,100,52,6.49,RU,1733585653
88,udachny,66.4167,112.4,-3.64,94,98,11.07,RU,1733585654
89,la passe,45.5549,-0.8967,49.62,65,98,33.11,FR,1733585655
90,novodvinsk,64.4165,40.8122,22.75,93,92,6.33,RU,1733585656
91,nadi,-17.8,177.4167,75.2,88,20,2.3,FJ,1733585657
92,olavarria,-36.8927,-60.3225,64.92,29,4,13.82,AR,1733585497
93,mochudi,-24.4167,26.15,106.39,12,87,8.1,BW,1733585659
94,pisco,-13.7,-76.2167,68.05,83,22,8.05,PE,1733585640
95,greenville,35.6127,-77.3663,39.22,41,0,5.01,US,1733585663
96,gorodets,56.6514,43.475,21.58,93,100,12.21,RU,1733585665
97,xichang,27.8964,102.2634,44.83,92,97,2.68,CN,1733585666
98,afaahiti,-17.75,-149.2833,78.01,81,98,20.8,PF,1733585667
99,narathiwat,6.3333,101.75,76.06,93,100,2.84,TH,1733585668
100,dwarka,22.2394,68.9678,76.06,51,81,8.88,IN,1733585671
101,dudinka,69.4058,86.1778,-0.24,98,100,7.18,RU,1733585672
102,yuzhno-kurilsk,44.0306,145.8556,27.79,67,34,6.78,RU,1733585673
103,sarmanovo,55.2553,52.5891,18.41,83,29,5.01,RU,1733585674
104,coquimbo,-29.9533,-71.3436,66.97,55,20,13.8,CL,1733585494
105,tidjikja,18.5564,-11.4271,79.57,9,56,21.94,MR,1733585676
106,bathsheba,13.2167,-59.5167,86.61,70,75,20.71,BB,1733585677
107,arraial do cabo,-22.9661,-42.0278,94.96,51,0,9.22,BR,1733585679
108,puerto natales,-51.7236,-72.4875,55.85,50,40,21.85,CL,1733585680
109,uturoa,-16.7333,-151.4333,81.1,72,46,19.89,PF,1733585681
110,hithadhoo,-0.6,73.0833,82.18,74,55,12.71,MV,1733585682
111,praia da vitoria,38.7333,-27.0667,68.25,83,20,9.48,PT,1733585683
112,grytviken,-54.2811,-36.5092,32.0,73,100,1.34,GS,1733585684
113,xique xique,-10.8217,-42.7311,90.84,43,27,2.01,BR,1733585611
114,geneina,13.45,22.45,80.53,21,35,4.09,SD,1733585686
115,fisterra,42.9049,-9.2629,56.62,66,53,25.72,ES,1733585687
116,byron bay,-28.65,153.6167,71.67,88,62,13.4,AU,1733585689
117,matoury,4.8483,-52.3317,84.16,70,75,18.41,GF,1733585690
118,puerto ayora,-0.7393,-90.3518,74.55,88,74,7.0,EC,1733585691
119,ouahigouya,13.5828,-2.4216,88.25,10,41,12.46,BF,1733585692
120,daru,-9.0763,143.2092,80.37,89,97,6.96,PG,1733585693
121,vanino,49.0869,140.2543,4.86,70,54,13.42,RU,1733585694
122,elliot,-31.3333,27.85,66.69,71,9,7.7,ZA,1733585695
123,kristiansund,63.1115,7.732,39.85,70,75,3.44,NO,1733585696
124,longyearbyen,78.2186,15.6401,31.84,69,75,19.57,SJ,1733585556
125,wailua homesteads,22.0669,-159.378,68.79,100,20,8.05,US,1733585593
126,bilibino,68.0546,166.4372,-16.38,92,51,4.29,RU,1733585700
127,acapulco de juarez,16.8634,-99.8901,78.62,89,75,3.44,MX,1733585701
128,qamdo,31.1667,97.2333,27.01,51,56,6.76,CN,1733585702
129,sinabang,2.4803,96.3801,80.22,81,89,3.94,ID,1733585703
130,susuman,62.7833,148.1667,-18.92,100,99,0.27,RU,1733585704
131,traben-trarbach,49.95,7.1167,48.33,77,40,16.11,DE,1733585705
132,barcelos,41.5388,-8.6151,55.56,58,0,13.82,PT,1733585587
133,jawf al maqbabah,13.8378,45.8349,74.98,23,0,6.2,YE,1733585708
134,nabire,-3.3667,135.4833,76.75,94,100,2.82,ID,1733585709
135,talnakh,69.4865,88.3972,-1.41,99,100,3.33,RU,1733585710
136,tazovsky,67.4667,78.7,-3.35,98,78,8.46,RU,1733585711
137,tshikapa,-6.4167,20.8,78.01,76,11,3.42,CD,1733585712
138,bubaque,11.2833,-15.8333,81.21,41,98,5.79,GW,1733585713
139,vorgashor,67.5833,63.95,7.27,96,98,9.73,RU,1733585714
140,saudarkrokur,65.7461,-19.6394,17.42,91,98,7.31,IS,1733585715
141,taksimo,56.3444,114.8794,-0.89,95,96,1.1,RU,1733585716
142,enewetak,11.3474,162.3373,82.06,79,100,22.53,MH,1733585718
143,lata,40.1629,-8.3327,55.22,62,37,9.13,PT,1733585719
144,usinsk,65.9939,57.5281,7.34,97,98,10.85,RU,1733585720
145,dompu,-8.5356,118.4622,76.68,95,100,1.97,ID,1733585721
146,devonport,-41.1667,146.35,54.52,86,18,1.01,AU,1733585722
147,bhadrakh,21.0528,86.52,69.21,72,41,1.95,IN,1733585723
148,madimba,-10.4,40.3333,83.52,83,20,9.22,TZ,1733585724
149,bel ombre,-4.6167,55.4167,80.44,78,40,4.61,SC,1733585725
150,kapa'a,22.0752,-159.319,70.12,100,20,8.05,US,1733585726
151,kingston,17.997,-76.7936,83.16,78,100,1.48,JM,1733585446
152,northam,51.0333,-4.2167,47.61,76,100,44.38,GB,1733585729
153,airuk,7.2772,168.8203,81.97,81,98,21.43,MH,1733585730
154,santa ana,33.7456,-117.8678,69.04,30,0,4.0,US,1733585731
155,hawaiian paradise park,19.5933,-154.9731,68.9,77,20,4.61,US,1733585732
156,mugia,43.1041,-9.2179,55.96,68,59,23.15,ES,1733585733
157,iwon-up,40.3231,128.6553,27.1,42,37,8.03,KP,1733585734
158,mandalgovi,45.7625,106.2708,12.4,73,0,8.08,MN,1733585735
159,naliya,23.2667,68.8333,72.5,48,91,7.34,IN,1733585738
160,veraval,20.9,70.3667,73.0,73,15,11.07,IN,1733585739
161,lorengau,-2.0226,147.2712,80.67,83,100,3.62,PG,1733585741
162,saint-pierre,-21.3393,55.4781,82.08,61,100,9.22,RE,1733585607
163,la sarre,48.8002,-79.1996,4.86,92,100,6.15,CA,1733585743
164,ilulissat,69.2167,-51.1,32.02,69,75,26.46,GL,1733585744
165,podgornoye,51.735,39.1496,28.62,86,100,11.18,RU,1733585746
166,murzuq,25.9155,13.9184,58.73,44,0,8.01,LY,1733585747
167,torghay,49.6339,63.4981,20.79,62,5,9.01,KZ,1733585748
168,alappuzha,9.49,76.3264,80.47,80,94,7.72,IN,1733585749
169,llerena,38.2354,-6.0739,58.42,67,83,16.11,ES,1733585750
170,port mathurin,-19.6833,63.4167,76.87,87,56,21.43,MU,1733585751
171,arac,41.2422,33.3277,41.7,84,99,4.56,TR,1733585752
172,puerto armuelles,8.2833,-82.8667,79.09,71,11,1.01,PA,1733585753
173,puerto rico,-26.796,-55.024,72.45,98,100,3.83,AR,1733585543
174,inirida,3.8653,-67.9239,94.48,42,5,2.37,CO,1733585756
175,punta arenas,-53.15,-70.9167,55.51,47,40,20.71,CL,1733585757
176,remire-montjoly,4.9167,-52.2667,84.24,70,75,18.41,GF,1733585758
177,princeville,45.7668,-61.2985,23.63,66,0,19.57,CA,1733585759
178,aasiaat,68.7098,-52.8699,21.9,70,96,13.65,GL,1733585760
179,weno,7.4515,151.8468,83.25,81,99,25.28,FM,1733585761
180,kerikeri,-35.2268,173.9474,59.92,87,100,0.65,NZ,1733585762
181,ghat,24.9647,10.1728,57.76,27,1,6.78,LY,1733585763
182,east porterville,36.0574,-118.9757,37.22,93,0,5.75,US,1733585764
183,oranjemund,-28.55,16.4333,68.04,72,10,20.02,NA,1733585766
184,broken hill,-31.95,141.4333,69.15,45,31,21.23,AU,1733585544
185,jamestown,42.097,-79.2353,26.02,82,100,10.36,US,1733585489
186,fort mcmurray,56.7268,-111.381,31.59,80,100,9.22,CA,1733585770
187,greymouth,-42.4667,171.2,54.75,85,100,3.31,NZ,1733585771
188,kodiak,57.79,-152.4072,35.11,93,20,4.61,US,1733585772
189,namsos,64.4662,11.4957,31.91,86,100,8.05,NO,1733585775
190,gao,16.6362,1.637,80.96,9,0,15.08,ML,1733585776
191,jumla,29.2747,82.1838,30.38,37,0,8.14,NP,1733585777
192,yeppoon,-23.1333,150.7333,75.45,80,7,6.85,AU,1733585778
193,edson,53.5835,-116.4356,32.14,93,75,2.3,CA,1733585779
194,nuuk,64.1835,-51.7216,41.61,38,75,10.36,GL,1733585609
195,naze,28.3667,129.4833,54.52,80,100,21.83,JP,1733585781
196,namibe,-15.1961,12.1522,74.5,68,36,12.44,AO,1733585782
197,chiredzi,-21.05,31.6667,100.38,28,0,5.75,ZW,1733585784
198,saham,24.1722,56.8886,74.3,39,4,6.46,OM,1733585785
199,forio,40.7342,13.8646,53.42,77,13,1.99,IT,1733585786
200,new glasgow,45.5834,-62.6486,22.78,47,33,14.32,CA,1733585766
201,daska kalan,32.3243,74.3497,58.98,21,1,4.45,PK,1733585788
202,geraldton,-28.7667,114.6,70.21,78,0,14.97,AU,1733585582
203,navia,43.5354,-6.7194,50.59,87,100,12.17,ES,1733585790
204,letlhakane,-21.4167,25.5833,98.37,15,89,15.57,BW,1733585791
205,west bay,19.3667,-81.4167,82.47,61,40,17.27,KY,1733585792
206,manturovo,58.3353,44.7619,19.26,81,99,7.72,RU,1733585794
207,lichuan,30.3,108.85,33.4,98,100,4.34,CN,1733585795
208,ust-nera,64.5667,143.2,-17.36,98,70,2.35,RU,1733585796
209,katsuren-haebaru,26.3369,127.8719,66.58,89,100,10.36,JP,1733585797
210,petropavlovsk-kamchatsky,53.0452,158.6483,32.59,69,100,22.37,RU,1733585798
211,mount pearl,47.5166,-52.7813,36.14,78,75,13.8,CA,1733585799
212,college,64.8569,-147.8028,14.45,84,75,3.44,US,1733585800
213,villamontes,-21.25,-63.5,81.01,64,93,7.54,BO,1733585801
214,sumbe,-11.2061,13.8437,80.11,81,53,7.27,AO,1733585802
215,mangrol,21.1167,70.1167,74.35,69,8,10.96,IN,1733585804
216,barra de santo antonio,-9.4047,-35.5072,81.27,72,24,13.15,BR,1733585805
217,el granada,37.5027,-122.4694,52.79,85,20,0.0,US,1733585806
218,huasahuasi,-11.3167,-75.6167,51.8,72,100,8.77,PE,1733585807
219,la ronge,55.1001,-105.2842,37.65,93,100,12.66,CA,1733585808
220,howard springs,-12.497,131.047,77.83,99,100,3.09,AU,1733585809
221,dhidhdhoo,6.8833,73.1,82.13,61,92,2.01,MV,1733585810
222,severo-yeniseyskiy,60.3725,93.0408,1.47,99,99,3.78,RU,1733585811
223,arteche,12.2645,125.4048,79.43,92,100,5.82,PH,1733585812
224,dubovka,49.0583,44.829,26.47,62,56,15.68,RU,1733585815
225,san fernando de apure,7.8878,-67.4724,92.12,40,43,9.24,VE,1733585817
226,brookings,44.3114,-96.7984,38.05,69,0,9.22,US,1733585818
227,sandnessjoen,66.0217,12.6316,37.44,72,100,13.56,NO,1733585819
228,nikolayevsk-on-amure,53.1406,140.73,17.26,94,100,10.45,RU,1733585821
229,inarajan village,13.2736,144.7484,81.57,85,97,20.2,GU,1733585823
230,kangaba,11.9333,-8.4167,89.1,12,100,6.62,ML,1733585824
231,keelung,25.1283,121.7419,64.94,88,100,19.13,TW,1733585825
232,antsiranana,-12.2787,49.2917,83.16,65,40,11.5,MG,1733585826
233,cole harbour,44.6724,-63.4751,25.97,67,98,13.8,CA,1733585827
234,champerico,14.3,-91.9167,82.06,62,16,1.95,GT,1733585828
235,ciudad lazaro cardenas,17.9583,-102.2,81.79,66,99,0.89,MX,1733585829
236,san luis,-33.295,-66.3356,67.96,33,1,18.59,AR,1733585830
237,driefontein,-27.0177,30.4498,72.3,56,80,11.18,ZA,1733585831
238,tsivil'sk,55.8611,47.4664,18.61,91,96,7.11,RU,1733585832
239,chalus,36.655,51.4204,54.86,88,75,2.3,IR,1733585834
240,haiku-pauwela,20.9219,-156.3051,70.88,81,29,4.0,US,1733585836
241,happy valley-goose bay,53.3168,-60.3315,14.31,85,100,16.11,CA,1733585837
242,antofagasta,-23.65,-70.4,65.48,72,67,8.48,CL,1733585765
243,al bawiti,28.3492,28.8659,65.25,34,100,6.82,EG,1733585839
244,touros,-5.1989,-35.4608,85.69,58,87,14.94,BR,1733585648
245,vila velha,-20.3297,-40.2925,89.55,62,0,18.41,BR,1733585842
246,constantia,44.1833,28.65,52.7,88,100,14.85,RO,1733585599
247,dryden,49.7833,-92.7503,30.49,93,100,11.5,CA,1733585554
248,pachino,36.7186,15.0907,60.04,66,58,2.57,IT,1733585845
249,es castell,39.8795,4.2854,65.08,77,40,10.36,ES,1733585846
250,nizhneangarsk,55.7833,109.55,16.74,89,99,5.37,RU,1733585848
251,tura,25.5198,90.2201,59.76,86,1,3.76,IN,1733585849
252,alotau,-10.3069,150.4462,77.34,92,96,2.04,PG,1733585851
253,kudahuvadhoo,2.6708,72.8944,82.54,69,3,7.56,MV,1733585852
254,igarka,67.4667,86.5833,-5.6,99,100,5.53,RU,1733585853
255,akita,39.7167,140.1167,38.73,79,100,22.32,JP,1733585854
256,dalmatovo,56.26,62.9362,15.71,89,57,7.25,RU,1733585855
257,dalandzadgad,43.5708,104.425,16.12,65,0,6.51,MN,1733585856
258,rabo de peixe,37.8,-25.5833,67.51,99,20,8.05,PT,1733585857
259,ust-tsilma,65.441,52.1498,11.12,96,95,4.34,RU,1733585858
260,gaspe,48.8334,-64.4819,19.62,63,20,16.11,CA,1733585647
261,patti,31.2808,74.8572,55.99,20,0,5.19,IN,1733585861
262,howrah,22.5892,88.3103,69.8,64,10,0.0,IN,1733585862
263,pawcatuck,41.3773,-71.8337,36.0,58,0,8.05,US,1733585863
264,dumbraveni,46.2333,24.5667,38.28,100,100,0.6,RO,1733585864
265,dungannon,54.5034,-6.7672,41.27,62,30,25.88,GB,1733585865
266,hadibu,12.65,54.0333,78.03,70,95,14.67,YE,1733585866
267,carnarvon,-24.8667,113.6333,72.07,80,52,21.03,AU,1733585867
268,timbiqui,2.7717,-77.6654,80.62,76,99,4.23,CO,1733585868
269,lihue,21.9789,-159.3672,69.39,100,20,8.05,US,1733585870
270,cluses,46.0625,6.575,41.88,100,100,2.3,FR,1733585871
271,kapuskasing,49.4169,-82.4331,6.89,85,100,11.5,CA,1733585582
272,lerwick,60.1545,-1.1494,43.47,71,100,30.04,GB,1733585873
273,priozersk,61.0393,30.1291,28.09,86,98,5.93,RU,1733585874
274,nar'yan-mar,67.6713,53.087,12.51,96,81,9.89,RU,1733585875
275,mount isa,-20.7333,139.5,78.57,89,0,0.0,AU,1733585877
276,ardakan,32.31,54.0175,50.79,25,16,5.73,IR,1733585879
277,qarauyl,48.9451,79.255,24.33,91,100,5.77,KZ,1733585880
278,ta`u,-14.2336,-169.5144,81.93,81,78,14.83,AS,1733585881
279,tralee,52.2704,-9.7026,48.45,66,75,16.11,IE,1733585882
280,ikwiriri,-7.9562,38.9716,77.45,86,40,6.17,TZ,1733585883
281,diebougou,10.9667,-3.25,91.22,10,100,4.32,BF,1733585884
282,vadso,70.0744,29.7487,33.96,80,75,27.63,NO,1733585885
283,tamanrasset,22.785,5.5228,67.91,13,0,3.44,DZ,1733585886
284,buala,-8.145,159.5921,81.48,80,86,9.35,SB,1733585887
285,mount pleasant,32.7941,-79.8626,45.01,37,0,6.91,US,1733585625
286,mejit,10.2753,170.8646,81.81,78,84,25.14,MH,1733585890
287,namtsy,62.7161,129.6658,-11.0,99,100,3.0,RU,1733585891
288,kuta,-8.7233,115.1723,82.35,89,40,8.05,ID,1733585892
289,lamitan city,6.6608,122.1408,77.9,89,100,2.06,PH,1733585893
290,les avirons,-21.2418,55.3394,78.89,61,100,9.22,RE,1733585895
291,hanzhong,33.0728,107.0303,44.53,44,100,3.8,CN,1733585896
292,fontenay-le-comte,46.5833,-1.0,45.64,69,66,23.2,FR,1733585897
293,lagdo,9.05,13.7333,92.59,15,9,8.21,CM,1733585898
294,piti village,13.4626,144.6933,82.45,79,0,12.66,GU,1733585899
295,dunedin,-45.8742,170.5036,54.81,93,100,8.01,NZ,1733585900
296,chonchi,-42.6128,-73.8092,63.68,42,2,2.19,CL,1733585901
297,chenaran,36.6455,59.1212,35.17,77,51,6.06,IR,1733585904
298,parnamirim,-5.9156,-35.2628,86.34,62,75,16.11,BR,1733585773
299,elk city,35.412,-99.4043,44.82,57,0,6.91,US,1733585906
300,i-n-salah,27.1935,2.4607,68.9,18,1,7.67,DZ,1733585907
301,bereeda,11.8704,51.0579,78.31,72,98,12.41,SO,1733585908
302,ocos,14.5094,-92.1933,80.89,63,5,1.61,GT,1733585909
303,east london,-33.0153,27.9116,72.54,73,40,17.27,ZA,1733585910
304,trairi,-3.2778,-39.2689,86.63,57,56,14.56,BR,1733585911
305,quelimane,-17.8786,36.8883,85.95,74,75,14.97,MZ,1733585912
306,kachia,9.8667,7.95,85.82,19,1,9.42,NG,1733585914
307,uvalde,29.3669,-99.767,43.79,97,100,3.44,US,1733585915
308,galesong,-5.3166,119.3661,80.4,82,100,4.76,ID,1733585916
309,wakiso,0.4044,32.4594,68.99,60,75,3.91,UG,1733585918
310,wanning,18.8003,110.3967,70.48,84,100,11.95,CN,1733585919
311,san antonio de pale,-1.4014,5.6325,80.74,77,61,9.13,GQ,1733585920
312,melfort,52.8667,-104.6177,33.93,86,100,8.05,CA,1733585921
313,fort st. john,56.2499,-120.8529,33.69,80,75,3.44,CA,1733585764
314,tabou,4.423,-7.3528,84.49,61,41,8.99,CI,1733585923
315,hakui,36.8833,136.7833,39.25,97,100,4.47,JP,1733585925
316,bikenibeu village,1.3673,173.1241,82.36,83,20,12.66,KI,1733585926
317,mermoz boabab,14.7065,-17.4758,78.58,50,88,9.22,SN,1733585927
318,colon,9.3592,-79.9014,87.15,71,10,11.01,PA,1733585928
319,korla,41.7597,86.1469,25.83,74,0,0.49,CN,1733585929
320,pueblo,38.2545,-104.6091,26.55,74,0,3.44,US,1733585930
321,cambria,35.5641,-121.0808,56.53,57,0,5.5,US,1733585931
322,mount gambier,-37.8333,140.7667,57.4,62,67,12.24,AU,1733585932
323,bereket,39.2446,55.5154,40.87,55,1,11.25,TM,1733585934
324,ormara,25.2088,64.6357,75.42,24,3,18.28,PK,1733585935
325,san matias,-16.3667,-58.4,90.27,55,100,8.72,BO,1733585936
326,cockburn town,21.4612,-71.1419,77.13,83,91,17.92,TC,1733585937
327,smithers,54.7804,-127.1743,34.12,100,100,6.91,CA,1733585938
328,khandyga,62.6667,135.6,-12.41,98,100,3.18,RU,1733585939
329,pollock pines,38.7613,-120.5866,48.9,44,0,3.0,US,1733585941
330,sal rei,16.1833,-22.9167,82.6,54,93,16.11,CV,1733585942
331,chernyshevskiy,63.0128,112.4714,-5.06,95,20,8.79,RU,1733585944
332,chinde,26.8212,87.7095,61.74,76,75,3.51,NP,1733585946
333,nelson bay,-32.7167,152.15,76.08,98,68,5.99,AU,1733585947
334,faya-largeau,17.9257,19.1043,82.29,17,82,21.85,TD,1733585948
335,kalabo,-14.97,22.6814,85.69,36,71,7.72,ZM,1733585949
336,hue,16.4667,107.6,75.31,83,40,4.61,VN,1733585950
337,acarau,-2.8856,-40.12,85.62,61,81,17.2,BR,1733585904
338,granada,37.25,-3.25,57.29,40,20,7.54,ES,1733585953
339,aripuana,-9.1667,-60.6333,76.57,96,97,5.12,BR,1733585954
340,sawakin,19.1059,37.3321,80.62,73,26,9.06,SD,1733585955
341,bwizibwera,-0.5917,30.6286,68.34,57,74,3.31,UG,1733585956
342,wenling,28.3669,121.36,49.12,78,100,10.18,CN,1733585957
343,vorkuta,67.5,64.0,7.5,96,98,9.78,RU,1733585958
344,cidade velha,14.9167,-23.6167,81.07,57,100,17.27,CV,1733585959
345,vuokatti,64.146,28.2697,27.84,83,100,7.29,FI,1733585961
346,kattivakkam,13.2167,80.3167,82.15,89,97,7.14,IN,1733585962
347,dolores,-36.3132,-57.6792,67.51,27,29,13.78,AR,1733585963
348,murashi,59.3999,48.9615,13.01,90,55,6.8,RU,1733585964
349,charlottetown,46.2352,-63.1267,21.56,70,40,17.27,CA,1733585960
350,alice springs,-23.7,133.8833,76.55,88,19,4.61,AU,1733585966
351,coron,11.9986,120.2043,78.62,86,100,2.28,PH,1733585967
352,akarp,58.2333,13.65,35.11,91,100,9.66,SE,1733585968
353,clarksdale,34.2001,-90.5709,40.98,33,31,6.91,US,1733585970
354,shimanovsk,52.0,127.7,1.18,94,13,6.02,RU,1733585971
355,dexter,36.7959,-89.9579,35.33,39,0,10.11,US,1733585972
356,filadelfia,39.9523,-75.1638,37.98,50,75,12.66,US,1733585820
357,colonia,50.9333,6.95,50.97,73,20,12.66,DE,1733585974
358,bayanhongor,46.7167,100.1167,-7.02,88,13,3.11,MN,1733585975
359,tutoia,-2.7619,-42.2744,85.08,67,100,13.82,BR,1733585976
360,tarawa,1.419,172.984,82.49,83,20,12.66,KI,1733585977
361,joacaba,-27.1781,-51.5047,66.72,99,100,2.19,BR,1733585978
362,sampit,-2.5333,112.95,75.7,94,99,1.01,ID,1733585980
363,egilsstadir,65.2653,-14.3948,30.11,74,75,8.05,IS,1733585981
364,ndioum,16.5129,-14.6471,88.18,9,87,15.28,SN,1733585982
365,amahai,-3.3333,128.9167,77.29,92,100,0.96,ID,1733585983
366,oppdal,62.5943,9.6912,29.16,85,100,8.88,NO,1733585984
367,vilyuchinsk,52.9306,158.4028,34.07,93,100,28.25,RU,1733585985
368,kenai,60.5544,-151.2583,36.14,95,100,9.22,US,1733585986
369,valparaiso,-33.0393,-71.6273,68.0,54,0,4.61,CL,1733585987
370,minab,27.1467,57.0801,73.51,11,14,19.62,IR,1733585988
371,minas de marcona,-15.2119,-75.1103,69.73,56,41,14.54,PE,1733585990
372,taulaga,-11.0553,-171.0883,82.98,78,21,16.22,AS,1733585991
373,hwange,-18.3693,26.5019,97.45,19,66,2.75,ZW,1733585992
374,rongelap,11.1635,166.8941,82.04,79,99,24.96,MH,1733585993
375,ormond-by-the-sea,29.3491,-81.0665,62.08,68,20,6.91,US,1733585994
376,myitkyina,25.3833,97.4,58.75,73,0,2.91,MM,1733585995
377,pontevedra,42.431,-8.6444,56.3,63,53,9.51,ES,1733585996
378,arco,45.9177,10.8867,46.92,69,100,0.94,IT,1733585997
379,szekszard,46.3501,18.709,40.01,92,100,5.59,HU,1733585998
380,grand falls-windsor,48.9332,-55.6649,32.5,59,21,4.0,CA,1733585868
381,malpica,43.3228,-8.8105,55.24,75,100,17.92,ES,1733586001
382,fonte boa,-2.4959,-66.2662,84.27,67,100,3.18,BR,1733586002
383,tubarjal,30.4999,38.216,64.65,49,88,9.44,SA,1733586004
384,novyy urengoy,66.0833,76.6333,-2.69,100,78,9.17,RU,1733586005
385,miri,4.4148,114.0089,78.94,94,20,0.0,MY,1733586006
386,south grafton,-29.7,152.95,76.46,94,34,1.05,AU,1733586007
387,yanchep,-31.55,115.6833,76.28,43,0,16.24,AU,1733586008
388,chengtangcun,35.0771,117.1518,30.34,39,0,4.32,CN,1733586010
389,san-pedro,4.7485,-6.6363,84.88,61,63,9.64,CI,1733586011
390,xilin hot,43.9667,116.0333,10.9,73,0,15.23,CN,1733586012
391,walvis bay,-22.9575,14.5053,66.27,75,38,20.22,NA,1733585798
392,port blair,11.6667,92.75,82.44,69,75,8.05,IN,1733586014
393,kaoma,-14.7833,24.8,70.2,74,89,3.56,ZM,1733586015
394,ixtapa,20.7,-105.2,76.23,83,75,0.0,MX,1733586016
395,tanumah,27.1,44.1333,68.07,49,2,8.93,SA,1733586018
396,sucre,-19.0333,-65.2627,68.23,53,99,10.27,BO,1733586019
397,holualoa,19.6228,-155.9522,66.87,72,0,5.75,US,1733586020
398,puerto maldonado,-12.6,-69.1833,81.0,83,75,8.05,PE,1733585727
399,cannonvale,-20.2833,148.7,78.19,76,100,8.7,AU,1733586022
400,fergus falls,46.283,-96.0776,35.17,83,0,4.61,US,1733586023
401,porto seguro,-16.4497,-39.0647,84.72,74,40,14.97,BR,1733586024
402,road town,18.4167,-64.6167,84.24,74,40,8.05,VG,1733586026
403,shahrak,34.1074,64.3052,22.71,75,6,5.64,AF,1733586027
404,tuy hoa,13.0833,109.3,73.98,94,92,10.09,VN,1733586028
405,farah,32.5,62.5,41.13,39,0,8.57,AF,1733586029
406,gizo,-8.103,156.8419,82.71,78,99,4.97,SB,1733586030
407,konosha,60.9736,40.257,19.33,91,100,7.11,RU,1733586031
408,zelenoborskiy,66.845,32.3622,27.73,87,100,9.1,RU,1733586032
409,agogo,6.8,-1.0819,91.87,27,31,4.97,GH,1733586033
410,issenye,-2.0,34.3333,66.67,84,65,4.45,TZ,1733586034
411,palmer,42.1584,-72.3287,33.51,58,75,5.75,US,1733586036
412,la'ie,21.6477,-157.9253,69.19,78,1,8.1,US,1733586039
413,lindi,-10.0,39.7167,80.28,81,100,6.02,TZ,1733586040
414,mymensingh,24.75,90.4,63.81,47,0,5.19,BD,1733586041
415,ocean city,39.2776,-74.5746,38.17,55,32,7.0,US,1733586042
416,marat,25.0701,45.4615,72.95,28,5,8.34,SA,1733586043
417,chhabra,24.6667,76.8333,65.79,35,0,7.58,IN,1733586045
418,rikaze,29.25,88.8833,33.4,35,0,5.26,CN,1733586046
419,les cayes,18.2,-73.75,83.77,67,49,5.35,HT,1733586047
420,pindiga,9.9833,10.9333,82.13,17,48,12.48,NG,1733586048
421,utrik,11.2278,169.8474,81.86,72,70,24.2,MH,1733586049
422,iscehisar,38.8619,30.7503,46.0,70,100,2.26,TR,1733586050
423,tanjung selor,2.8372,117.3642,73.85,99,100,1.05,ID,1733586051
424,murray bridge,-35.1167,139.2667,57.52,75,0,7.58,AU,1733586052
425,revda,56.801,59.9303,12.9,92,25,9.66,RU,1733586053
426,twon-brass,4.3151,6.2418,84.42,70,84,11.65,NG,1733586055
427,moapa valley,36.5805,-114.4703,54.55,32,0,1.86,US,1733586056
428,parvomay,42.1,25.2167,41.79,96,100,10.65,BG,1733586057
429,tannum sands,-23.9504,151.3693,75.09,78,3,4.61,AU,1733586058
430,gampola,7.1643,80.5696,71.51,89,100,4.09,LK,1733586059
431,grand baie,-20.0182,57.5802,77.45,87,42,3.0,MU,1733586060
432,belyy yar,53.6039,91.3903,13.89,92,100,0.0,RU,1733586061
433,nemuro,43.3236,145.575,29.14,60,9,12.5,JP,1733586063
434,adilcevaz,38.8039,42.7342,36.75,66,100,2.68,TR,1733586065
435,vila franca do campo,37.7167,-25.4333,68.41,99,33,5.55,PT,1733586066
436,masinigudi,11.5667,76.6667,66.92,93,64,4.0,IN,1733586067
437,serdar,38.9764,56.2757,40.84,56,0,9.91,TM,1733586068
438,gbadolite,4.2833,21.0167,87.49,35,48,3.22,CD,1733586069
439,mogocha,53.7333,119.7667,-1.03,97,99,2.28,RU,1733586070
440,sangueya,10.7,-14.3667,94.23,19,58,4.59,GN,1733586072
441,ciutadella,40.0011,3.8414,63.43,68,7,30.15,ES,1733586073
442,naga,13.6192,123.1814,78.13,94,100,5.28,PH,1733586074
443,coyhaique,-45.5752,-72.0662,55.74,74,71,8.66,CL,1733586076
444,hammerfest,70.6634,23.6821,34.25,93,100,5.75,NO,1733586077
445,malvan,16.0667,73.4667,80.91,73,65,10.49,IN,1733586078
446,tutayev,57.8853,39.5406,22.44,94,100,9.64,RU,1733586079
447,mawlaik,23.6333,94.4167,60.94,84,0,0.89,MM,1733586080
448,guerrero negro,27.9769,-114.0611,64.11,60,0,1.79,MX,1733585897
449,slave lake,55.2834,-114.769,24.78,100,100,3.44,CA,1733585862
450,port macquarie,-31.4333,152.9167,75.07,92,82,4.0,AU,1733586085
451,bazar-korgon,41.0376,72.7459,35.28,60,100,4.56,KG,1733586086
452,al hamul,31.3115,31.1477,63.0,62,100,5.66,EG,1733586087
453,yaren,-0.5472,166.916,82.26,77,100,16.58,NR,1733586088
454,maua,-23.6678,-46.4614,91.2,48,65,14.47,BR,1733585858
455,cadale,2.7603,46.3222,80.44,79,28,18.45,SO,1733586090
456,veinticinco de mayo,-35.4323,-60.1727,63.99,47,8,5.01,AR,1733586091
457,belize city,17.4995,-88.1976,79.02,76,20,8.05,BZ,1733586092
458,gulu,2.7746,32.299,75.18,45,69,1.39,UG,1733586093
459,akureyri,65.6835,-18.0878,26.53,80,75,12.66,IS,1733586095
460,palapye,-22.546,27.1251,97.95,20,27,19.06,BW,1733586096
461,nacala,-14.5428,40.6728,81.72,78,51,8.72,MZ,1733586097
462,bakchar,57.0186,82.0711,1.74,99,99,3.13,RU,1733586098
463,ancud,-41.8697,-73.8203,58.95,56,1,7.34,CL,1733586099
464,cuito,-12.3833,16.9333,61.61,94,72,14.23,AO,1733586100
465,richards bay,-28.783,32.0377,75.9,74,32,8.14,ZA,1733586101
466,sao joao da barra,-21.6403,-41.0511,95.09,66,100,10.16,BR,1733586102
467,kolonia town,6.964,158.206,82.4,78,100,3.44,FM,1733586103
468,pimentel,-6.8367,-79.9342,77.29,57,0,11.5,PE,1733586105
469,bogande,12.9714,-0.1436,87.66,10,2,14.16,BF,1733586106
470,inhambane,-23.865,35.3833,87.78,66,20,16.11,MZ,1733586107
471,hasaki,35.7333,140.8333,49.42,70,100,11.65,JP,1733586108
472,morant bay,17.8815,-76.4093,81.5,76,99,14.09,JM,1733586109
473,ulsteinvik,62.3432,5.8487,41.31,85,100,5.12,NO,1733586110
474,gebeit,21.0667,36.3167,72.73,61,7,10.02,SD,1733586111
475,ubud,-8.5098,115.2654,79.92,90,100,2.13,ID,1733586112
476,itamaraca,-7.7478,-34.8256,82.36,69,96,12.66,BR,1733586113
477,hell-ville,-13.4,48.2667,82.27,73,20,4.61,MG,1733586115
478,birendranagar,28.6019,81.6339,51.89,66,0,4.43,NP,1733586116
479,mhamid,29.82,-5.72,74.39,17,64,3.06,MA,1733586117
480,ola,59.5833,151.2833,18.14,75,96,10.45,RU,1733586118
481,rio grande,-32.035,-52.0986,68.07,64,100,19.89,BR,1733586119
482,kadugli,11.0167,29.7167,86.86,26,99,8.52,SD,1733586120
483,arawa,-6.2132,155.5367,78.1,91,99,3.36,PG,1733586122
484,hamilton,39.1834,-84.5333,33.85,58,0,6.91,US,1733586123
485,lobujya,27.95,86.8167,10.49,31,0,7.94,NP,1733586126
486,kashgar,39.4547,75.9797,33.01,51,40,2.24,CN,1733586127
487,padangsidempuan,1.3667,99.2667,71.64,93,94,1.92,ID,1733586128
488,amursk,50.2261,136.8994,-10.7,99,37,4.29,RU,1733586129
489,kirensk,57.7853,108.1119,17.29,96,100,4.72,RU,1733586130
490,alness,57.696,-4.2551,42.66,88,100,17.58,GB,1733586131
491,kone,-21.0595,164.8658,75.61,77,49,4.7,NC,1733586133
492,nogliki,51.8333,143.1667,22.55,93,100,31.18,RU,1733586135
493,buckeye,33.3703,-112.5838,59.22,41,0,6.08,US,1733586136
494,sumbawanga,-7.9667,31.6167,73.2,60,75,0.0,TZ,1733586137
495,teluk nibung,3.001,99.8164,77.5,90,85,3.74,ID,1733586138
496,labuan,5.2767,115.2417,80.96,88,20,0.0,MY,1733586139
497,mili,6.0815,171.735,82.15,82,100,18.19,MH,1733586140
498,vernon,50.2581,-119.2691,34.75,76,100,8.01,CA,1733586141
499,boguchany,58.3814,97.4531,16.36,97,100,3.44,RU,1733586142
500,banda aceh,5.5577,95.3222,79.5,84,86,3.2,ID,1733586144
501,floro,61.5996,5.0328,40.96,81,75,4.61,NO,1733585905
502,gardez,33.5974,69.2259,29.66,31,7,1.95,AF,1733586146
503,langepas,61.2544,75.2124,2.91,91,11,6.85,RU,1733586147
504,gongzhuling,43.5008,124.8198,11.66,80,3,5.77,CN,1733586148
505,quezaltepeque,13.835,-89.2744,81.14,66,8,8.43,SV,1733586149
506,springhill,33.006,-93.4668,49.32,36,59,3.83,US,1733586150
507,archangelos,36.2149,28.1149,61.3,78,20,7.43,GR,1733586151
508,san rafael,-34.6177,-68.3301,63.54,34,86,6.33,AR,1733585995
509,blenheim,-41.516,173.9528,53.53,92,100,3.53,NZ,1733586154
510,castillos,-34.1667,-53.8333,61.75,60,47,14.0,UY,1733586155
511,portland,45.5234,-122.6762,43.43,95,100,9.22,US,1733585866
512,malango,-2.9627,119.9001,68.09,87,100,2.66,ID,1733586157
513,jinji,23.2281,110.8261,56.93,60,96,7.9,CN,1733586158
514,regina,50.4501,-104.6178,29.03,91,75,9.22,CA,1733585892
515,muynoq,43.7683,59.0214,34.52,56,100,13.56,UZ,1733586161
516,kralendijk,12.15,-68.2667,87.78,62,75,13.8,BQ,1733586163
517,puerto baquerizo moreno,-0.9,-89.6,74.39,83,100,12.66,EC,1733586164
518,reyes,-14.3167,-67.3833,77.16,100,100,4.61,BO,1733586051
519,ballina,-28.8667,153.5667,71.96,84,20,9.06,AU,1733586166
520,leesburg,39.1157,-77.5636,37.69,44,75,9.22,US,1733586167
521,qa'en,33.7265,59.1844,37.26,55,0,4.14,IR,1733586168
522,salinas,36.6777,-121.6555,58.78,66,0,14.97,US,1733586169
523,tazacorte,28.629,-17.9293,70.77,73,75,5.75,ES,1733586170
524,nova vicosa,-17.8919,-39.3719,87.37,54,97,16.93,BR,1733586171
525,santa elena de uairen,4.6167,-61.1333,80.47,51,21,2.35,VE,1733586172
526,pulandian,39.3953,121.9669,27.23,41,0,3.98,CN,1733586174
527,pingliang,35.5392,106.6861,23.92,55,24,3.2,CN,1733586176
528,sylt-ost,54.8833,8.35,41.09,100,100,17.27,DE,1733586177
529,aboso,5.3617,-1.9473,84.99,58,99,4.52,GH,1733586178
530,san pedro buenavista,16.0833,-93.1167,69.39,72,76,4.92,MX,1733586179
531,konigswinter,50.6833,7.1833,50.25,74,100,10.13,DE,1733586180
532,soio,-6.1349,12.3689,81.79,80,55,10.76,AO,1733586181
533,merritt,50.1123,-120.7942,36.32,87,100,5.01,CA,1733586182
534,contwig,49.25,7.4333,45.16,87,100,15.75,DE,1733586184
535,huercal de almeria,36.8851,-2.4376,67.3,83,20,3.44,ES,1733586185
536,songea,-10.6833,35.65,83.55,54,40,9.22,TZ,1733586186
537,raduzhny,62.0961,77.475,-8.45,99,55,5.32,RU,1733586187
538,siedlce,52.1677,22.2901,35.92,86,72,9.91,PL,1733586188
539,uliastay,47.7417,96.8444,6.12,75,65,6.17,MN,1733586189
540,wladyslawowo,54.7909,18.4009,38.93,94,100,16.28,PL,1733586190
541,palo santo,-25.5633,-59.3378,77.45,92,100,4.43,AR,1733586191
542,mahebourg,-20.4081,57.7,79.09,83,75,11.5,MU,1733586192
543,middlesboro,36.6084,-83.7166,26.6,63,0,0.0,US,1733586194
544,palikir - national government center,6.9248,158.1611,81.34,78,100,3.44,FM,1733586195
545,ambon,-3.6954,128.1814,81.88,100,100,11.59,ID,1733586196
546,diu,20.7141,70.9822,69.69,62,21,8.05,IN,1733586197
547,saint-denis,48.9167,2.3333,49.08,71,100,24.16,FR,1733586198
548,auki,-8.7676,160.7034,77.65,90,85,3.51,SB,1733586199
549,olyokminsk,60.3736,120.4264,5.16,89,99,8.97,RU,1733586200
550,usogorsk,63.4106,48.6872,7.03,97,100,4.59,RU,1733586201
551,zaozersk,69.4005,32.4476,28.71,85,99,21.18,RU,1733586203
552,inza,53.8533,46.3586,13.86,89,58,5.75,RU,1733586204
553,asaita,11.5636,41.4394,86.95,21,12,8.34,ET,1733586205
554,anadyr,64.75,177.4833,-17.9,75,0,13.42,RU,1733586206
555,sidi slimane,34.2648,-5.926,72.39,52,100,8.34,MA,1733586207
556,katabu,-4.9333,122.5167,75.9,94,100,2.98,ID,1733586208
557,mirny,62.5353,113.9611,-1.57,93,97,10.47,RU,1733586209
558,konarka,19.9,86.1167,74.71,78,78,7.38,IN,1733586210
559,alamos,27.0167,-108.9333,70.59,18,2,2.84,MX,1733586211
560,cascais,38.6979,-9.4215,62.51,67,20,24.16,PT,1733586212
561,khanty-mansiysk,61.0042,69.0019,10.51,85,40,2.24,RU,1733586214
562,lompoc,34.6391,-120.4579,43.21,81,0,9.22,US,1733586215
563,buka,40.8108,69.1986,35.51,60,68,8.23,UZ,1733586216
564,misawa,40.6836,141.3597,29.3,85,34,4.56,JP,1733586217
565,sherbakul',54.6316,72.3963,-2.49,100,66,5.5,RU,1733586218
566,parit raja,1.8681,103.1124,76.68,93,57,3.58,MY,1733586219
567,saldanha,-33.0117,17.9442,75.25,70,24,13.78,ZA,1733586220
568,hit,33.6416,42.8251,61.09,43,100,5.39,IQ,1733586221
569,gebze,40.8028,29.4307,56.35,58,75,10.36,TR,1733586222
570,sola,-13.8833,167.55,77.67,100,75,0.0,VU,1733586224
571,gorontalo,0.5412,123.0595,75.63,98,100,2.42,ID,1733586225
572,podporozh'ye,60.9112,34.1706,23.04,93,93,4.79,RU,1733586226
